{
    "parent": "item/generated",
    "textures": {
        "layer0": "item/potion_overlay",
        "layer1": "item/lingering_potion"
    },
    "overrides": [
      {"predicate": {"custom_model_data": 130000}, "model": "delta:particle/size_1/explosion_0"},
      {"predicate": {"custom_model_data": 130001}, "model": "delta:particle/size_1/explosion_1"},
      {"predicate": {"custom_model_data": 130002}, "model": "delta:particle/size_1/explosion_2"},
      {"predicate": {"custom_model_data": 130003}, "model": "delta:particle/size_1/explosion_3"},
      {"predicate": {"custom_model_data": 130004}, "model": "delta:particle/size_1/explosion_4"},
      {"predicate": {"custom_model_data": 130005}, "model": "delta:particle/size_1/explosion_5"},
      {"predicate": {"custom_model_data": 130006}, "model": "delta:particle/size_1/explosion_6"},
      {"predicate": {"custom_model_data": 130007}, "model": "delta:particle/size_1/explosion_7"},
      {"predicate": {"custom_model_data": 130008}, "model": "delta:particle/size_1/explosion_8"},
      {"predicate": {"custom_model_data": 130009}, "model": "delta:particle/size_1/explosion_9"},
      {"predicate": {"custom_model_data": 130010}, "model": "delta:particle/size_1/explosion_10"},
      {"predicate": {"custom_model_data": 130011}, "model": "delta:particle/size_1/explosion_11"},
      {"predicate": {"custom_model_data": 130012}, "model": "delta:particle/size_1/explosion_12"},
      {"predicate": {"custom_model_data": 130013}, "model": "delta:particle/size_1/explosion_13"},
      {"predicate": {"custom_model_data": 130014}, "model": "delta:particle/size_1/explosion_14"},
      {"predicate": {"custom_model_data": 130015}, "model": "delta:particle/size_1/explosion_15"},
      {"predicate": {"custom_model_data": 130016}, "model": "delta:particle/size_2/explosion_0"},
      {"predicate": {"custom_model_data": 130017}, "model": "delta:particle/size_2/explosion_1"},
      {"predicate": {"custom_model_data": 130018}, "model": "delta:particle/size_2/explosion_2"},
      {"predicate": {"custom_model_data": 130019}, "model": "delta:particle/size_2/explosion_3"},
      {"predicate": {"custom_model_data": 130020}, "model": "delta:particle/size_2/explosion_4"},
      {"predicate": {"custom_model_data": 130021}, "model": "delta:particle/size_2/explosion_5"},
      {"predicate": {"custom_model_data": 130022}, "model": "delta:particle/size_2/explosion_6"},
      {"predicate": {"custom_model_data": 130023}, "model": "delta:particle/size_2/explosion_7"},
      {"predicate": {"custom_model_data": 130024}, "model": "delta:particle/size_2/explosion_8"},
      {"predicate": {"custom_model_data": 130025}, "model": "delta:particle/size_2/explosion_9"},
      {"predicate": {"custom_model_data": 130026}, "model": "delta:particle/size_2/explosion_10"},
      {"predicate": {"custom_model_data": 130027}, "model": "delta:particle/size_2/explosion_11"},
      {"predicate": {"custom_model_data": 130028}, "model": "delta:particle/size_2/explosion_12"},
      {"predicate": {"custom_model_data": 130029}, "model": "delta:particle/size_2/explosion_13"},
      {"predicate": {"custom_model_data": 130030}, "model": "delta:particle/size_2/explosion_14"},
      {"predicate": {"custom_model_data": 130031}, "model": "delta:particle/size_2/explosion_15"},
      {"predicate": {"custom_model_data": 130032}, "model": "delta:particle/size_3/explosion_0"},
      {"predicate": {"custom_model_data": 130033}, "model": "delta:particle/size_3/explosion_1"},
      {"predicate": {"custom_model_data": 130034}, "model": "delta:particle/size_3/explosion_2"},
      {"predicate": {"custom_model_data": 130035}, "model": "delta:particle/size_3/explosion_3"},
      {"predicate": {"custom_model_data": 130036}, "model": "delta:particle/size_3/explosion_4"},
      {"predicate": {"custom_model_data": 130037}, "model": "delta:particle/size_3/explosion_5"},
      {"predicate": {"custom_model_data": 130038}, "model": "delta:particle/size_3/explosion_6"},
      {"predicate": {"custom_model_data": 130039}, "model": "delta:particle/size_3/explosion_7"},
      {"predicate": {"custom_model_data": 130040}, "model": "delta:particle/size_3/explosion_8"},
      {"predicate": {"custom_model_data": 130041}, "model": "delta:particle/size_3/explosion_9"},
      {"predicate": {"custom_model_data": 130042}, "model": "delta:particle/size_3/explosion_10"},
      {"predicate": {"custom_model_data": 130043}, "model": "delta:particle/size_3/explosion_11"},
      {"predicate": {"custom_model_data": 130044}, "model": "delta:particle/size_3/explosion_12"},
      {"predicate": {"custom_model_data": 130045}, "model": "delta:particle/size_3/explosion_13"},
      {"predicate": {"custom_model_data": 130046}, "model": "delta:particle/size_3/explosion_14"},
      {"predicate": {"custom_model_data": 130047}, "model": "delta:particle/size_3/explosion_15"},
      {"predicate": {"custom_model_data": 130048}, "model": "delta:particle/size_4/explosion_0"},
      {"predicate": {"custom_model_data": 130049}, "model": "delta:particle/size_4/explosion_1"},
      {"predicate": {"custom_model_data": 130050}, "model": "delta:particle/size_4/explosion_2"},
      {"predicate": {"custom_model_data": 130051}, "model": "delta:particle/size_4/explosion_3"},
      {"predicate": {"custom_model_data": 130052}, "model": "delta:particle/size_4/explosion_4"},
      {"predicate": {"custom_model_data": 130053}, "model": "delta:particle/size_4/explosion_5"},
      {"predicate": {"custom_model_data": 130054}, "model": "delta:particle/size_4/explosion_6"},
      {"predicate": {"custom_model_data": 130055}, "model": "delta:particle/size_4/explosion_7"},
      {"predicate": {"custom_model_data": 130056}, "model": "delta:particle/size_4/explosion_8"},
      {"predicate": {"custom_model_data": 130057}, "model": "delta:particle/size_4/explosion_9"},
      {"predicate": {"custom_model_data": 130058}, "model": "delta:particle/size_4/explosion_10"},
      {"predicate": {"custom_model_data": 130059}, "model": "delta:particle/size_4/explosion_11"},
      {"predicate": {"custom_model_data": 130060}, "model": "delta:particle/size_4/explosion_12"},
      {"predicate": {"custom_model_data": 130061}, "model": "delta:particle/size_4/explosion_13"},
      {"predicate": {"custom_model_data": 130062}, "model": "delta:particle/size_4/explosion_14"},
      {"predicate": {"custom_model_data": 130063}, "model": "delta:particle/size_4/explosion_15"},
      {"predicate": {"custom_model_data": 130064}, "model": "delta:particle/size_5/explosion_0"},
      {"predicate": {"custom_model_data": 130065}, "model": "delta:particle/size_5/explosion_1"},
      {"predicate": {"custom_model_data": 130066}, "model": "delta:particle/size_5/explosion_2"},
      {"predicate": {"custom_model_data": 130067}, "model": "delta:particle/size_5/explosion_3"},
      {"predicate": {"custom_model_data": 130068}, "model": "delta:particle/size_5/explosion_4"},
      {"predicate": {"custom_model_data": 130069}, "model": "delta:particle/size_5/explosion_5"},
      {"predicate": {"custom_model_data": 130070}, "model": "delta:particle/size_5/explosion_6"},
      {"predicate": {"custom_model_data": 130071}, "model": "delta:particle/size_5/explosion_7"},
      {"predicate": {"custom_model_data": 130072}, "model": "delta:particle/size_5/explosion_8"},
      {"predicate": {"custom_model_data": 130073}, "model": "delta:particle/size_5/explosion_9"},
      {"predicate": {"custom_model_data": 130074}, "model": "delta:particle/size_5/explosion_10"},
      {"predicate": {"custom_model_data": 130075}, "model": "delta:particle/size_5/explosion_11"},
      {"predicate": {"custom_model_data": 130076}, "model": "delta:particle/size_5/explosion_12"},
      {"predicate": {"custom_model_data": 130077}, "model": "delta:particle/size_5/explosion_13"},
      {"predicate": {"custom_model_data": 130078}, "model": "delta:particle/size_5/explosion_14"},
      {"predicate": {"custom_model_data": 130079}, "model": "delta:particle/size_5/explosion_15"},
      {"predicate": {"custom_model_data": 130080}, "model": "delta:particle/size_6/explosion_0"},
      {"predicate": {"custom_model_data": 130081}, "model": "delta:particle/size_6/explosion_1"},
      {"predicate": {"custom_model_data": 130082}, "model": "delta:particle/size_6/explosion_2"},
      {"predicate": {"custom_model_data": 130083}, "model": "delta:particle/size_6/explosion_3"},
      {"predicate": {"custom_model_data": 130084}, "model": "delta:particle/size_6/explosion_4"},
      {"predicate": {"custom_model_data": 130085}, "model": "delta:particle/size_6/explosion_5"},
      {"predicate": {"custom_model_data": 130086}, "model": "delta:particle/size_6/explosion_6"},
      {"predicate": {"custom_model_data": 130087}, "model": "delta:particle/size_6/explosion_7"},
      {"predicate": {"custom_model_data": 130088}, "model": "delta:particle/size_6/explosion_8"},
      {"predicate": {"custom_model_data": 130089}, "model": "delta:particle/size_6/explosion_9"},
      {"predicate": {"custom_model_data": 130090}, "model": "delta:particle/size_6/explosion_10"},
      {"predicate": {"custom_model_data": 130091}, "model": "delta:particle/size_6/explosion_11"},
      {"predicate": {"custom_model_data": 130092}, "model": "delta:particle/size_6/explosion_12"},
      {"predicate": {"custom_model_data": 130093}, "model": "delta:particle/size_6/explosion_13"},
      {"predicate": {"custom_model_data": 130094}, "model": "delta:particle/size_6/explosion_14"},
      {"predicate": {"custom_model_data": 130095}, "model": "delta:particle/size_6/explosion_15"},
      {"predicate": {"custom_model_data": 130096}, "model": "delta:particle/size_7/explosion_0"},
      {"predicate": {"custom_model_data": 130097}, "model": "delta:particle/size_7/explosion_1"},
      {"predicate": {"custom_model_data": 130098}, "model": "delta:particle/size_7/explosion_2"},
      {"predicate": {"custom_model_data": 130099}, "model": "delta:particle/size_7/explosion_3"},
      {"predicate": {"custom_model_data": 130100}, "model": "delta:particle/size_7/explosion_4"},
      {"predicate": {"custom_model_data": 130101}, "model": "delta:particle/size_7/explosion_5"},
      {"predicate": {"custom_model_data": 130102}, "model": "delta:particle/size_7/explosion_6"},
      {"predicate": {"custom_model_data": 130103}, "model": "delta:particle/size_7/explosion_7"},
      {"predicate": {"custom_model_data": 130104}, "model": "delta:particle/size_7/explosion_8"},
      {"predicate": {"custom_model_data": 130105}, "model": "delta:particle/size_7/explosion_9"},
      {"predicate": {"custom_model_data": 130106}, "model": "delta:particle/size_7/explosion_10"},
      {"predicate": {"custom_model_data": 130107}, "model": "delta:particle/size_7/explosion_11"},
      {"predicate": {"custom_model_data": 130108}, "model": "delta:particle/size_7/explosion_12"},
      {"predicate": {"custom_model_data": 130109}, "model": "delta:particle/size_7/explosion_13"},
      {"predicate": {"custom_model_data": 130110}, "model": "delta:particle/size_7/explosion_14"},
      {"predicate": {"custom_model_data": 130111}, "model": "delta:particle/size_7/explosion_15"},
      {"predicate": {"custom_model_data": 130112}, "model": "delta:particle/size_8/explosion_0"},
      {"predicate": {"custom_model_data": 130113}, "model": "delta:particle/size_8/explosion_1"},
      {"predicate": {"custom_model_data": 130114}, "model": "delta:particle/size_8/explosion_2"},
      {"predicate": {"custom_model_data": 130115}, "model": "delta:particle/size_8/explosion_3"},
      {"predicate": {"custom_model_data": 130116}, "model": "delta:particle/size_8/explosion_4"},
      {"predicate": {"custom_model_data": 130117}, "model": "delta:particle/size_8/explosion_5"},
      {"predicate": {"custom_model_data": 130118}, "model": "delta:particle/size_8/explosion_6"},
      {"predicate": {"custom_model_data": 130119}, "model": "delta:particle/size_8/explosion_7"},
      {"predicate": {"custom_model_data": 130120}, "model": "delta:particle/size_8/explosion_8"},
      {"predicate": {"custom_model_data": 130121}, "model": "delta:particle/size_8/explosion_9"},
      {"predicate": {"custom_model_data": 130122}, "model": "delta:particle/size_8/explosion_10"},
      {"predicate": {"custom_model_data": 130123}, "model": "delta:particle/size_8/explosion_11"},
      {"predicate": {"custom_model_data": 130124}, "model": "delta:particle/size_8/explosion_12"},
      {"predicate": {"custom_model_data": 130125}, "model": "delta:particle/size_8/explosion_13"},
      {"predicate": {"custom_model_data": 130126}, "model": "delta:particle/size_8/explosion_14"},
      {"predicate": {"custom_model_data": 130127}, "model": "delta:particle/size_8/explosion_15"},
      {"predicate": {"custom_model_data": 130255}, "model": "delta:transparent"}
    ]
}
