{
    "display": {
        "title": {
            "text": "Adrenaline               ",
            "color": "white"
        },
        "description": {
            "text": "When the holder or wearer kills a mob, they gain Speed I. For up to 2 levels of Adrenaline, receive 5 seconds per level. Each additional level provides 1 less second (Capping at 20 seconds).",
            "color": "white"
        },
        "icon": {
            "item": "minecraft:sugar"
        },
        "frame": "task",
        "show_toast": true,
        "announce_to_chat": false,
        "hidden": true
    },
    "criteria": {
        "find1": {
            "trigger": "minecraft:inventory_changed",
            "conditions": {
                "items": [
                    {
                        "nbt": "{Adrenaline:1}"
                    }
                ]
            }
        },
        "find2": {
            "trigger": "minecraft:inventory_changed",
            "conditions": {
                "items": [
                    {
                        "nbt": "{Adrenaline:2}"
                    }
                ]
            }
        },
        "find3": {
            "trigger": "minecraft:inventory_changed",
            "conditions": {
                "items": [
                    {
                        "nbt": "{Adrenaline:3}"
                    }
                ]
            }
        }
    },
    "requirements": [
        [
            "find1",
            "find2",
            "find3"
        ]
    ],
    "parent": "cartographer_custom_enchantments:passive_tree"
}