{
    "display": {
        "title": {
            "text": "Agility                  ",
            "color": "white"
        },
        "description": {
            "color": "white",
            "text": "While held or worn, the user gains +1 block of jump height per level, up to 5 extra blocks."
        },
        "icon": {
            "item": "minecraft:slime_ball"
        },
        "frame": "task",
        "show_toast": true,
        "announce_to_chat": false,
        "hidden": true
    },
    "requirements": [
        [
            "find1",
            "find2",
            "find3",
            "find4",
            "find5"
        ]
    ],
    "criteria": {
        "find1": {
            "trigger": "minecraft:inventory_changed",
            "conditions": {
                "items": [
                    {
                        "nbt": "{Agility:1}"
                    }
                ]
            }
        },
        "find2": {
            "trigger": "minecraft:inventory_changed",
            "conditions": {
                "items": [
                    {
                        "nbt": "{Agility:2}"
                    }
                ]
            }
        },
        "find3": {
            "trigger": "minecraft:inventory_changed",
            "conditions": {
                "items": [
                    {
                        "nbt": "{Agility:3}"
                    }
                ]
            }
        },
        "find4": {
            "trigger": "minecraft:inventory_changed",
            "conditions": {
                "items": [
                    {
                        "nbt": "{Agility:4}"
                    }
                ]
            }
        },
        "find5": {
            "trigger": "minecraft:inventory_changed",
            "conditions": {
                "items": [
                    {
                        "nbt": "{Agility:5}"
                    }
                ]
            }
        }
    },
    "parent": "cartographer_custom_enchantments:passive_tree"
}