{
    "requirements": [
        [
            "find1",
            "find2",
            "find3",
            "find4",
            "find5"
        ]
    ],
    "display": {
        "title": {
            "text": "Cleansing                ",
            "color": "white"
        },
        "description": {
            "text": "While held or worn, the user is cleansed from the corresponding debuff, receiving 10 seconds of high Hunger. There is Slowness, Mining Fatigue, Weakness, Poison, and Wither Cleansing.",
            "color": "white"
        },
        "icon": {
            "item": "minecraft:milk_bucket"
        },
        "frame": "task",
        "show_toast": true,
        "announce_to_chat": false,
        "hidden": true
    },
    "criteria": {
        "find1": {
            "trigger": "minecraft:inventory_changed",
            "conditions": {
                "items": [
                    {
                        "nbt": "{SlownessCleansing:1}"
                    }
                ]
            }
        },
        "find2": {
            "trigger": "minecraft:inventory_changed",
            "conditions": {
                "items": [
                    {
                        "nbt": "{FatigueCleansing:1}"
                    }
                ]
            }
        },
        "find3": {
            "trigger": "minecraft:inventory_changed",
            "conditions": {
                "items": [
                    {
                        "nbt": "{WeaknessCleansing:1}"
                    }
                ]
            }
        },
        "find4": {
            "trigger": "minecraft:inventory_changed",
            "conditions": {
                "items": [
                    {
                        "nbt": "{PoisonCleansing:1}"
                    }
                ]
            }
        },
        "find5": {
            "trigger": "minecraft:inventory_changed",
            "conditions": {
                "items": [
                    {
                        "nbt": "{WitherCleansing:1}"
                    }
                ]
            }
        }
    },
    "parent": "cartographer_custom_enchantments:concealed"
}