{
    "criteria": {
        "find1": {
            "trigger": "minecraft:inventory_changed",
            "conditions": {
                "items": [
                    {
                        "nbt": "{Committed:1}"
                    }
                ]
            }
        },
        "find2": {
            "trigger": "minecraft:inventory_changed",
            "conditions": {
                "items": [
                    {
                        "nbt": "{Committed:2}"
                    }
                ]
            }
        },
        "find3": {
            "trigger": "minecraft:inventory_changed",
            "conditions": {
                "items": [
                    {
                        "nbt": "{Committed:3}"
                    }
                ]
            }
        },
        "find4": {
            "trigger": "minecraft:inventory_changed",
            "conditions": {
                "items": [
                    {
                        "nbt": "{Committed:4}"
                    }
                ]
            }
        }
    },
    "requirements": [
        [
            "find1",
            "find2",
            "find3",
            "find4"
        ]
    ],
    "display": {
        "title": {
            "text": "Committed                ",
            "color": "white"
        },
        "description": {
            "text": "This weapon inflicts Vulnerability N for 3 seconds, where N is the enchantment level.",
            "color": "white"
        },
        "icon": {
            "item": "minecraft:glowstone_dust"
        },
        "frame": "task",
        "show_toast": true,
        "announce_to_chat": false,
        "hidden": true
    },
    "parent": "cartographer_custom_enchantments:melee_tree"
}