{
    "display": {
        "title": {
            "text": "Conductive               ",
            "color": "white"
        },
        "description": {
            "text": "Arrows from this weapon inflict 5 seconds of Shocked.",
            "color": "white"
        },
        "icon": {
            "item": "minecraft:prismarine_crystals"
        },
        "frame": "task",
        "show_toast": true,
        "announce_to_chat": false,
        "hidden": true
    },
    "criteria": {
        "found": {
            "trigger": "minecraft:inventory_changed",
            "conditions": {
                "items": [
                    {
                        "nbt": "{Conductive:1}"
                    }
                ]
            }
        }
    },
    "parent": "cartographer_custom_enchantments:ranged_tree"
}