{
    "criteria": {
        "find1": {
            "trigger": "minecraft:inventory_changed",
            "conditions": {
                "items": [
                    {
                        "nbt": "{Decay:1}"
                    }
                ]
            }
        },
        "find2": {
            "trigger": "minecraft:inventory_changed",
            "conditions": {
                "items": [
                    {
                        "nbt": "{Decay:2}"
                    }
                ]
            }
        },
        "find3": {
            "trigger": "minecraft:inventory_changed",
            "conditions": {
                "items": [
                    {
                        "nbt": "{Decay:3}"
                    }
                ]
            }
        }
    },
    "display": {
        "title": {
            "text": "Decay                    ",
            "color": "white"
        },
        "description": {
            "text": "When you hit a mob, this weapon inflicts 5 seconds of Wither. The Wither potency is equal to the enchant level.",
            "color": "white"
        },
        "icon": {
            "item": "minecraft:rotten_flesh"
        },
        "frame": "task",
        "show_toast": true,
        "announce_to_chat": false,
        "hidden": true
    },
    "requirements": [
        [
            "find1",
            "find2",
            "find3"
        ]
    ],
    "parent": "cartographer_custom_enchantments:committed"
}