{
    "display": {
        "title": {
            "text": "Eruption                 ",
            "color": "white"
        },
        "description": {
            "text": "When you break a spawner with this tool, deal 3 damage per level to enemies within 8 blocks.",
            "color": "white"
        },
        "icon": {
            "item": "minecraft:flint_and_steel"
        },
        "frame": "task",
        "show_toast": true,
        "announce_to_chat": false,
        "hidden": true
    },
    "requirements": [
        [
            "find1",
            "find2",
            "find3",
            "find4",
            "find5"
        ]
    ],
    "criteria": {
        "find1": {
            "trigger": "minecraft:inventory_changed",
            "conditions": {
                "items": [
                    {
                        "nbt": "{Eruption:1}"
                    }
                ]
            }
        },
        "find2": {
            "trigger": "minecraft:inventory_changed",
            "conditions": {
                "items": [
                    {
                        "nbt": "{Eruption:2}"
                    }
                ]
            }
        },
        "find3": {
            "trigger": "minecraft:inventory_changed",
            "conditions": {
                "items": [
                    {
                        "nbt": "{Eruption:3}"
                    }
                ]
            }
        },
        "find4": {
            "trigger": "minecraft:inventory_changed",
            "conditions": {
                "items": [
                    {
                        "nbt": "{Eruption:4}"
                    }
                ]
            }
        },
        "find5": {
            "trigger": "minecraft:inventory_changed",
            "conditions": {
                "items": [
                    {
                        "nbt": "{Eruption:5}"
                    }
                ]
            }
        }
    },
    "parent": "cartographer_custom_enchantments:sapper"
}