{
    "requirements": [
        [
            "find1",
            "find2",
            "find3"
        ]
    ],
    "criteria": {
        "find1": {
            "trigger": "minecraft:inventory_changed",
            "conditions": {
                "items": [
                    {
                        "nbt": "{Frenzy:1}"
                    }
                ]
            }
        },
        "find2": {
            "trigger": "minecraft:inventory_changed",
            "conditions": {
                "items": [
                    {
                        "nbt": "{Frenzy:2}"
                    }
                ]
            }
        },
        "find3": {
            "trigger": "minecraft:inventory_changed",
            "conditions": {
                "items": [
                    {
                        "nbt": "{Frenzy:3}"
                    }
                ]
            }
        }
    },
    "display": {
        "title": {
            "text": "Frenzy                   ",
            "color": "white"
        },
        "description": {
            "color": "white",
            "text": "When the holder or wearer kills a mob, they gain Strength I. For up to 2 levels of Frenzy, receive 5 seconds per level. Each additional level provides 1 less second (Capping at 20 seconds)."
        },
        "icon": {
            "item": "minecraft:blaze_powder"
        },
        "frame": "task",
        "show_toast": true,
        "announce_to_chat": false,
        "hidden": true
    },
    "parent": "cartographer_custom_enchantments:energetic"
}