{
    "display": {
        "title": {
            "text": "Frostbite                ",
            "color": "white"
        },
        "description": {
            "text": "When you hit a mob, this weapon inflicts 5 seconds of Slowness X, where X is the level.",
            "color": "white"
        },
        "icon": {
            "item": "minecraft:snowball"
        },
        "frame": "task",
        "show_toast": true,
        "announce_to_chat": false,
        "hidden": true
    },
    "requirements": [
        [
            "find1",
            "find2",
            "find4",
            "find3",
            "find5"
        ]
    ],
    "criteria": {
        "find1": {
            "trigger": "minecraft:inventory_changed",
            "conditions": {
                "items": [
                    {
                        "nbt": "{Frostbite:1}"
                    }
                ]
            }
        },
        "find2": {
            "trigger": "minecraft:inventory_changed",
            "conditions": {
                "items": [
                    {
                        "nbt": "{Frostbite:2}"
                    }
                ]
            }
        },
        "find3": {
            "trigger": "minecraft:inventory_changed",
            "conditions": {
                "items": [
                    {
                        "nbt": "{Frostbite:3}"
                    }
                ]
            }
        },
        "find4": {
            "trigger": "minecraft:inventory_changed",
            "conditions": {
                "items": [
                    {
                        "nbt": "{Frostbite:4}"
                    }
                ]
            }
        },
        "find5": {
            "trigger": "minecraft:inventory_changed",
            "conditions": {
                "items": [
                    {
                        "nbt": "{Frostbite:5}"
                    }
                ]
            }
        }
    },
    "parent": "cartographer_custom_enchantments:decay"
}