{
    "display": {
        "title": {
            "text": "Frost                    ",
            "color": "white"
        },
        "description": {
            "text": "Arrows from this weapon inflict Slowness 2 for 5 seconds.",
            "color": "white"
        },
        "icon": {
            "item": "minecraft:snowball"
        },
        "frame": "task",
        "show_toast": true,
        "announce_to_chat": false,
        "hidden": true
    },
    "criteria": {
        "found": {
            "trigger": "minecraft:inventory_changed",
            "conditions": {
                "items": [
                    {
                        "nbt": "{Frost:1}"
                    }
                ]
            }
        }
    },
    "parent": "cartographer_custom_enchantments:conductive"
}