{
    "criteria": {
        "find1": {
            "trigger": "minecraft:inventory_changed",
            "conditions": {
                "items": [
                    {
                        "nbt": "{Hunter:1}"
                    }
                ]
            }
        },
        "find2": {
            "trigger": "minecraft:inventory_changed",
            "conditions": {
                "items": [
                    {
                        "nbt": "{Hunter:2}"
                    }
                ]
            }
        },
        "find3": {
            "trigger": "minecraft:inventory_changed",
            "conditions": {
                "items": [
                    {
                        "nbt": "{Hunter:3}"
                    }
                ]
            }
        },
        "find4": {
            "trigger": "minecraft:inventory_changed",
            "conditions": {
                "items": [
                    {
                        "nbt": "{Hunter:4}"
                    }
                ]
            }
        },
        "find5": {
            "trigger": "minecraft:inventory_changed",
            "conditions": {
                "items": [
                    {
                        "nbt": "{Hunter:5}"
                    }
                ]
            }
        }
    },
    "requirements": [
        [
            "find1",
            "find2",
            "find3",
            "find4",
            "find5"
        ]
    ],
    "display": {
        "title": {
            "text": "Hunter                   ",
            "color": "white"
        },
        "description": {
            "color": "white",
            "text": "This weapon deals 2.5 bonus damage per level to \"monstrous\" mobs: [Blaze, Creeper, Enderman, Piglin, Guardian, Elder Guardian, Shulker]"
        },
        "icon": {
            "item": "minecraft:creeper_head"
        },
        "frame": "task",
        "show_toast": true,
        "announce_to_chat": false,
        "hidden": true
    },
    "parent": "cartographer_custom_enchantments:duelist"
}