{
    "criteria": {
        "found": {
            "trigger": "minecraft:inventory_changed",
            "conditions": {
                "items": [
                    {
                        "nbt": "{Infinity:1}"
                    }
                ]
            }
        }
    },
    "display": {
        "title": {
            "text": "Infinity                 ",
            "color": "white"
        },
        "description": {
            "color": "white",
            "text": "Grants infinite power to items. Bows with Infinity will not consume arrows when fired, and consumables with Infinity will not be consumed when used."
        },
        "icon": {
            "item": "minecraft:arrow"
        },
        "frame": "task",
        "show_toast": true,
        "announce_to_chat": false,
        "hidden": true
    },
    "parent": "cartographer_custom_enchantments:other_tree"
}