{
    "display": {
        "title": {
            "text": "Melee                    ",
            "color": "yellow"
        },
        "description": {
            "text": "Enchantments that affect melee weapons. (Swords, Axes, etc.)",
            "color": "white"
        },
        "icon": {
            "item": "minecraft:iron_sword"
        },
        "frame": "goal",
        "show_toast": false,
        "announce_to_chat": false,
        "hidden": false
    },
    "criteria": {
        "tick": {
            "trigger": "minecraft:tick"
        }
    },
    "parent": "cartographer_custom_enchantments:root"
}