{
    "criteria": {
        "tick": {
            "trigger": "minecraft:tick"
        }
    },
    "display": {
        "title": {
            "text": "Passives                 ",
            "color": "yellow"
        },
        "description": {
            "text": "Enchantments that activate while held, or on armor.",
            "color": "white"
        },
        "icon": {
            "item": "minecraft:leather_chestplate"
        },
        "frame": "goal",
        "show_toast": false,
        "announce_to_chat": false,
        "hidden": false
    },
    "parent": "cartographer_custom_enchantments:root"
}