{
    "display": {
        "title": {
            "text": "Pickaxe                  ",
            "color": "yellow"
        },
        "description": {
            "text": "Enchantments that affect pickaxes.",
            "color": "white"
        },
        "icon": {
            "item": "minecraft:iron_pickaxe"
        },
        "frame": "goal",
        "show_toast": false,
        "announce_to_chat": false,
        "hidden": false
    },
    "criteria": {
        "tick": {
            "trigger": "minecraft:tick"
        }
    },
    "parent": "cartographer_custom_enchantments:root"
}