{
    "display": {
        "title": {
            "text": "Pin Down                 ",
            "color": "white"
        },
        "description": {
            "color": "white",
            "text": "Arrows from this weapon inflict Vulnerability II for 5 seconds."
        },
        "icon": {
            "item": "minecraft:glowstone_dust"
        },
        "frame": "task",
        "show_toast": true,
        "announce_to_chat": false,
        "hidden": true
    },
    "criteria": {
        "found": {
            "trigger": "minecraft:inventory_changed",
            "conditions": {
                "items": [
                    {
                        "nbt": "{PinDown:1}"
                    }
                ]
            }
        }
    },
    "parent": "cartographer_custom_enchantments:frost"
}