{
    "display": {
        "title": {
            "text": "Point Blank              ",
            "color": "white"
        },
        "description": {
            "text": "Arrows gain a +70% damage per level boost which quickly drains as the arrow travels. The arrow loses the entire bonus after half a second of travel..",
            "color": "white"
        },
        "icon": {
            "item": "minecraft:bow"
        },
        "frame": "task",
        "show_toast": true,
        "announce_to_chat": false,
        "hidden": true
    },
    "criteria": {
        "find1": {
            "trigger": "minecraft:inventory_changed",
            "conditions": {
                "items": [
                    {
                        "nbt": "{PointBlank:1}"
                    }
                ]
            }
        },
        "find2": {
            "trigger": "minecraft:inventory_changed",
            "conditions": {
                "items": [
                    {
                        "nbt": "{PointBlank:2}"
                    }
                ]
            }
        },
        "find3": {
            "trigger": "minecraft:inventory_changed",
            "conditions": {
                "items": [
                    {
                        "nbt": "{PointBlank:3}"
                    }
                ]
            }
        }
    },
    "requirements": [
        [
            "find1",
            "find2",
            "find3"
        ]
    ],
    "parent": "cartographer_custom_enchantments:ranged_tree"
}