{
    "criteria": {
        "tick": {
            "trigger": "minecraft:tick"
        }
    },
    "display": {
        "title": {
            "text": "Ranged                   ",
            "color": "yellow"
        },
        "description": {
            "text": "Enchantments that affect bows, tridents, and crossbows.",
            "color": "white"
        },
        "icon": {
            "item": "minecraft:bow"
        },
        "frame": "goal",
        "show_toast": false,
        "announce_to_chat": false,
        "hidden": false
    },
    "parent": "cartographer_custom_enchantments:root"
}