{
    "criteria": {
        "find1": {
            "trigger": "minecraft:inventory_changed",
            "conditions": {
                "items": [
                    {
                        "nbt": "{Regeneration:1}"
                    }
                ]
            }
        },
        "find2": {
            "trigger": "minecraft:inventory_changed",
            "conditions": {
                "items": [
                    {
                        "nbt": "{Regeneration:2}"
                    }
                ]
            }
        },
        "find3": {
            "trigger": "minecraft:inventory_changed",
            "conditions": {
                "items": [
                    {
                        "nbt": "{Regeneration:3}"
                    }
                ]
            }
        }
    },
    "display": {
        "title": {
            "text": "Regeneration             ",
            "color": "white"
        },
        "description": {
            "text": "Heals the holder or wearer 1 health per level every 3 seconds, up to 6 health.",
            "color": "white"
        },
        "icon": {
            "item": "minecraft:ghast_tear"
        },
        "frame": "task",
        "show_toast": true,
        "announce_to_chat": false,
        "hidden": true
    },
    "requirements": [
        [
            "find1",
            "find2",
            "find3"
        ]
    ],
    "parent": "cartographer_custom_enchantments:cleansing"
}