{
    "criteria": {
        "find1": {
            "trigger": "minecraft:inventory_changed",
            "conditions": {
                "items": [
                    {
                        "nbt": "{Ricochet:1}"
                    }
                ]
            }
        },
        "find2": {
            "trigger": "minecraft:inventory_changed",
            "conditions": {
                "items": [
                    {
                        "nbt": "{Ricochet:2}"
                    }
                ]
            }
        },
        "find3": {
            "trigger": "minecraft:inventory_changed",
            "conditions": {
                "items": [
                    {
                        "nbt": "{Ricochet:3}"
                    }
                ]
            }
        }
    },
    "display": {
        "title": {
            "text": "Ricochet                 ",
            "color": "white"
        },
        "description": {
            "text": "When this trident is thrown, and hits an enemy, a watery stream bounces off of it to a nearby enemy, dealing 7 damage. The stream bounces to enemies equal to the level of Ricochet.",
            "color": "white"
        },
        "icon": {
            "item": "minecraft:trident"
        },
        "frame": "task",
        "show_toast": true,
        "announce_to_chat": false,
        "hidden": true
    },
    "requirements": [
        [
            "find1",
            "find2",
            "find3"
        ]
    ],
    "parent": "cartographer_custom_enchantments:hydraulic"
}