{
    "criteria": {
        "find1": {
            "trigger": "minecraft:inventory_changed",
            "conditions": {
                "items": [
                    {
                        "nbt": "{SecondWind:1}"
                    }
                ]
            }
        },
        "find2": {
            "trigger": "minecraft:inventory_changed",
            "conditions": {
                "items": [
                    {
                        "nbt": "{SecondWind:2}"
                    }
                ]
            }
        },
        "find3": {
            "trigger": "minecraft:inventory_changed",
            "conditions": {
                "items": [
                    {
                        "nbt": "{SecondWind:3}"
                    }
                ]
            }
        }
    },
    "requirements": [
        [
            "find1",
            "find2",
            "find3"
        ]
    ],
    "display": {
        "title": {
            "text": "Second Wind              ",
            "color": "white"
        },
        "description": {
            "color": "white",
            "text": "With Evasion, If you would take a fatal hit from a mob, Evasion automatically triggers. You are then granted a \"Volatile Shield\" of 8 health for 8 seconds. If you lose that shielding, it detonates, hurting you. If you kill a mob, the shielding is defused, and you heal equal to the shielding's total. Repeated triggers in succession of Second Wind make the shielding less effective, and more dangerous."
        },
        "icon": {
            "item": "minecraft:yellow_dye"
        },
        "frame": "task",
        "show_toast": true,
        "announce_to_chat": false,
        "hidden": true
    },
    "parent": "cartographer_custom_enchantments:evasion"
}