{
    "display": {
        "title": {
            "text": "Sharpshot                ",
            "color": "white"
        },
        "description": {
            "color": "white",
            "text": "Arrows gain +50% damage per level per second they travel."
        },
        "icon": {
            "item": "minecraft:bow"
        },
        "frame": "task",
        "show_toast": true,
        "announce_to_chat": false,
        "hidden": true
    },
    "criteria": {
        "find1": {
            "trigger": "minecraft:inventory_changed",
            "conditions": {
                "items": [
                    {
                        "nbt": "{Sharpshot:1}"
                    }
                ]
            }
        },
        "find2": {
            "trigger": "minecraft:inventory_changed",
            "conditions": {
                "items": [
                    {
                        "nbt": "{Sharpshot:2}"
                    }
                ]
            }
        },
        "find3": {
            "trigger": "minecraft:inventory_changed",
            "conditions": {
                "items": [
                    {
                        "nbt": "{Sharpshot:3}"
                    }
                ]
            }
        }
    },
    "requirements": [
        [
            "find1",
            "find2",
            "find3"
        ]
    ],
    "parent": "cartographer_custom_enchantments:point_blank"
}