{
    "criteria": {
        "found": {
            "trigger": "minecraft:inventory_changed",
            "conditions": {
                "items": [
                    {
                        "nbt": "{CurseShattering:1}"
                    }
                ]
            }
        }
    },
    "display": {
        "title": {
            "text": "Curse of Shattering      ",
            "color": "red"
        },
        "description": {
            "color": "white",
            "text": "When the user dies and drops this item, it is reduced to 1 durability."
        },
        "icon": {
            "item": "minecraft:glass"
        },
        "frame": "task",
        "show_toast": true,
        "announce_to_chat": false,
        "hidden": true
    },
    "parent": "cartographer_custom_enchantments:twohanded"
}