{
    "criteria": {
        "found": {
            "trigger": "minecraft:inventory_changed",
            "conditions": {
                "items": [
                    {
                        "nbt": "{Soulbound:1}"
                    }
                ]
            }
        }
    },
    "display": {
        "title": {
            "text": "Soulbound                ",
            "color": "white"
        },
        "description": {
            "color": "white",
            "text": "When dropped on death (and not destroyed), this item is immediately returned to your inventory when you respawn."
        },
        "icon": {
            "item": "minecraft:nether_star"
        },
        "frame": "task",
        "show_toast": true,
        "announce_to_chat": false,
        "hidden": true
    },
    "parent": "cartographer_custom_enchantments:passive_tree"
}