{
    "display": {
        "title": {
            "text": "Splintering              ",
            "color": "white"
        },
        "description": {
            "color": "white",
            "text": "When you break a door, trapdoor, or barrel, with this tool, mobs within 6 blocks are stunned for 3 seconds."
        },
        "icon": {
            "item": "minecraft:oak_door"
        },
        "frame": "task",
        "show_toast": true,
        "announce_to_chat": false,
        "hidden": true
    },
    "criteria": {
        "found": {
            "trigger": "minecraft:inventory_changed",
            "conditions": {
                "items": [
                    {
                        "nbt": "{Splintering:1}"
                    }
                ]
            }
        }
    },
    "parent": "cartographer_custom_enchantments:eruption"
}