{
    "criteria": {
        "found": {
            "trigger": "minecraft:inventory_changed",
            "conditions": {
                "items": [
                    {
                        "nbt": "{Spurs:1}"
                    }
                ]
            }
        }
    },
    "display": {
        "title": {
            "text": "Spurs                    ",
            "color": "white"
        },
        "description": {
            "color": "white",
            "text": "When held or worn, walking into a cobweb instantly destroys it."
        },
        "icon": {
            "item": "minecraft:cobweb"
        },
        "frame": "task",
        "show_toast": true,
        "announce_to_chat": false,
        "hidden": true
    },
    "parent": "cartographer_custom_enchantments:regeneration"
}