{
    "display": {
        "title": {
            "text": "Surging Strike            ",
            "color": "white"
        },
        "description": {
            "text": "Sprint attacks with this weapon are thrust attacks. Thrust attacks deal 2 damage per level as well as hit enemies behind the target.",
            "color": "white"
        },
        "icon": {
            "item": "minecraft:stone_sword"
        },
        "frame": "task",
        "show_toast": true,
        "announce_to_chat": false,
        "hidden": true
    },
    "criteria": {
        "find1": {
            "trigger": "minecraft:inventory_changed",
            "conditions": {
                "items": [
                    {
                        "nbt": "{SurgingStrike:1}"
                    }
                ]
            }
        },
        "find2": {
            "trigger": "minecraft:inventory_changed",
            "conditions": {
                "items": [
                    {
                        "nbt": "{SurgingStrike:2}"
                    }
                ]
            }
        },
        "find3": {
            "trigger": "minecraft:inventory_changed",
            "conditions": {
                "items": [
                    {
                        "nbt": "{SurgingStrike:3}"
                    }
                ]
            }
        }
    },
    "requirements": [
        [
            "find1",
            "find2",
            "find3"
        ]
    ],
    "parent": "cartographer_custom_enchantments:hunter"
}