{
    "display": {
        "title": {
            "text": "Tempo Theft              ",
            "color": "white"
        },
        "description": {
            "color": "white",
            "text": "Arrows that hit targets steal 8 seconds of Speed I. Additonal levels steal 8 seconds of Haste N (where N is equal to the current level - 1)."
        },
        "icon": {
            "item": "minecraft:scute"
        },
        "frame": "task",
        "show_toast": true,
        "announce_to_chat": false,
        "hidden": true
    },
    "criteria": {
        "find1": {
            "trigger": "minecraft:inventory_changed",
            "conditions": {
                "items": [
                    {
                        "nbt": "{TempoTheft:1}"
                    }
                ]
            }
        },
        "find2": {
            "trigger": "minecraft:inventory_changed",
            "conditions": {
                "items": [
                    {
                        "nbt": "{TempoTheft:2}"
                    }
                ]
            }
        },
        "find3": {
            "trigger": "minecraft:inventory_changed",
            "conditions": {
                "items": [
                    {
                        "nbt": "{TempoTheft:3}"
                    }
                ]
            }
        }
    },
    "requirements": [
        [
            "find1",
            "find2",
            "find3"
        ]
    ],
    "parent": "cartographer_custom_enchantments:rend"
}