{
    "display": {
        "title": {
            "text": "Tempest                  ",
            "color": "white"
        },
        "description": {
            "color": "white",
            "text": "This trident deals 3 additional damage per level on ranged throws."
        },
        "icon": {
            "item": "minecraft:trident"
        },
        "frame": "task",
        "show_toast": true,
        "announce_to_chat": false,
        "hidden": true
    },
    "requirements": [
        [
            "find1",
            "find2",
            "find3",
            "find4",
            "find5"
        ]
    ],
    "criteria": {
        "find1": {
            "trigger": "minecraft:inventory_changed",
            "conditions": {
                "items": [
                    {
                        "nbt": "{Tempest:1}"
                    }
                ]
            }
        },
        "find2": {
            "trigger": "minecraft:inventory_changed",
            "conditions": {
                "items": [
                    {
                        "nbt": "{Tempest:2}"
                    }
                ]
            }
        },
        "find3": {
            "trigger": "minecraft:inventory_changed",
            "conditions": {
                "items": [
                    {
                        "nbt": "{Tempest:3}"
                    }
                ]
            }
        },
        "find4": {
            "trigger": "minecraft:inventory_changed",
            "conditions": {
                "items": [
                    {
                        "nbt": "{Tempest:4}"
                    }
                ]
            }
        },
        "find5": {
            "trigger": "minecraft:inventory_changed",
            "conditions": {
                "items": [
                    {
                        "nbt": "{Tempest:5}"
                    }
                ]
            }
        }
    },
    "parent": "cartographer_custom_enchantments:ricochet"
}