{
    "criteria": {
        "found": {
            "trigger": "minecraft:inventory_changed",
            "conditions": {
                "items": [
                    {
                        "nbt": "{Trueshot:1}"
                    }
                ]
            }
        }
    },
    "display": {
        "title": {
            "text": "Trueshot                 ",
            "color": "white"
        },
        "description": {
            "color": "white",
            "text": "Arrows fired from this weapon are unaffected by gravity."
        },
        "icon": {
            "item": "minecraft:spectral_arrow"
        },
        "frame": "task",
        "show_toast": true,
        "announce_to_chat": false,
        "hidden": true
    },
    "parent": "cartographer_custom_enchantments:tempo_theft"
}