{
    "criteria": {
        "found": {
            "trigger": "minecraft:inventory_changed",
            "conditions": {
                "items": [
                    {
                        "nbt": "{CurseTwoHanded:1}"
                    }
                ]
            }
        }
    },
    "display": {
        "title": {
            "text": "Two-Handed               ",
            "color": "red"
        },
        "description": {
            "color": "white",
            "text": "When in the hotbar, this item packages and stores up any item placed in your offhand (rendering it ineffective)."
        },
        "icon": {
            "item": "minecraft:stone_axe"
        },
        "frame": "task",
        "show_toast": true,
        "announce_to_chat": false,
        "hidden": true
    },
    "parent": "cartographer_custom_enchantments:curse_tree"
}