{
    "criteria": {
        "found": {
            "trigger": "minecraft:inventory_changed",
            "conditions": {
                "items": [
                    {
                        "nbt": "{Unbreakable:1b}"
                    }
                ]
            }
        }
    },
    "display": {
        "title": {
            "text": "Unbreakable              ",
            "color": "white"
        },
        "description": {
            "text": "This item is unbreakable, and takes no durability damage.",
            "color": "white"
        },
        "icon": {
            "item": "minecraft:anvil"
        },
        "frame": "task",
        "show_toast": true,
        "announce_to_chat": false,
        "hidden": true
    },
    "parent": "cartographer_custom_enchantments:infinity"
}