{
    "display": {
        "title": {
            "text": "Volatile                 ",
            "color": "white"
        },
        "description": {
            "color": "white",
            "text": "Arrows release fireworks when they hit enemies. Fireworks do 5 damage, and deal an additional 2 damage per additional level."
        },
        "icon": {
            "item": "minecraft:firework_rocket"
        },
        "frame": "task",
        "show_toast": true,
        "announce_to_chat": false,
        "hidden": true
    },
    "criteria": {
        "find1": {
            "trigger": "minecraft:inventory_changed",
            "conditions": {
                "items": [
                    {
                        "nbt": "{Volatile:1}"
                    }
                ]
            }
        },
        "find2": {
            "trigger": "minecraft:inventory_changed",
            "conditions": {
                "items": [
                    {
                        "nbt": "{Volatile:2}"
                    }
                ]
            }
        },
        "find3": {
            "trigger": "minecraft:inventory_changed",
            "conditions": {
                "items": [
                    {
                        "nbt": "{Volatile:3}"
                    }
                ]
            }
        }
    },
    "requirements": [
        [
            "find1",
            "find2",
            "find3"
        ]
    ],
    "parent": "cartographer_custom_enchantments:trueshot"
}